word,freq
hanging,27
politician,96
bringing,46
wooden,12
wednesday,211
aggression,29
shocks,11
china,2111
affiliated,11
kids,86
controversy,41
golden,42
dna,89
inevitable,12
music,84
populations,21
yahoo,35
circumstances,19
morally,16
locked,44
want,361
absolute,21
travel,77
wrong,122
sentencing,11
opted,11
welcomes,12
fit,15
fix,28
wales,48
fin,16
effects,28
burial,14
telescope,20
allah,20
encourage,19
abbott,69
estimate,14
silent,43
chevron,70
service,198
needed,46
ahmed,11
regulator,21
feeling,15
dozen,37
affairs,42
mostly,51
kremlin,57
committing,24
mouth,14
singer,23
tech,57
saying,240
tehran,100
rico,16
rich,162
rice,36
rica,27
norways,11
lots,21
xvi,19
ira,16
letting,18
extend,25
nature,64
extent,34
tyranny,13
libyan,186
cult,18
union,266
much,305
obese,13
doubts,17
spin,12
memorial,26
split,34
marched,23
academic,26
corporate,54
municipal,12
survival,21
shadow,17
hamas,357
attorney,20
crowd,59
czech,63
mosques,26
crown,17
begin,95
bottom,31
ecstasy,15
beings,16
shoots,28
raped,192
rapes,31
smashed,17
passenger,42
biden,17
cambodia,29
role,162
transgender,17
outage,12
intent,15
explosions,37
overturned,15
chain,32
egypts,26
oversight,13
downloading,14
choice,36
exact,11
minute,30
catalonia,14
shirts,11
abdullah,44
ground,144
celebrates,24
honour,35
egypt,639
address,55
timbuktu,19
influx,11
opposes,21
working,195
blackwater,41
opposed,42
sierra,32
originally,16
abortion,120
following,216
fueled,13
jurez,12
wolves,20
pulled,28
years,1520
professors,11
suspension,16
troubled,18
civilian,101
indigenous,84
drilling,40
fisherman,15
instability,12
quarter,48
honduras,76
entering,59
honduran,35
disasters,18
troll,11
seriously,49
trauma,16
internet,683
gordon,34
saving,51
one,1385
punishable,16
illness,26
turned,117
locations,17
warriors,11
zoo,43
europeans,48
opposite,14
buffer,12
printed,16
seekers,55
awaiting,11
vision,18
awards,13
millionaire,16
semitic,17
west,484
wants,333
formed,18
photos,162
former,624
newspaper,178
situation,96
engaged,22
technology,98
cafe,18
singapore,52
wired,16
tracking,29
ngos,12
rover,26
overthrow,20
traffic,77
world,2234
francois,13
leadership,52
thailand,103
mossad,59
arctic,114
sealed,15
brazilian,113
bubble,16
mh370,43
sarin,11
abused,53
pull,43
rush,20
rage,36
dirty,42
abuses,69
watched,23
brotherhood,64
caused,122
causes,69
cheney,23
riots,154
small,136
sank,16
190,12
past,235
pass,63
investment,59
clock,12
full,223
civilians,240
november,42
experience,15
prior,23
followed,38
door,38
company,342
tested,30
bangkok,34
learn,38
scramble,12
kenya,85
sikh,21
huge,210
hugo,59
dismissed,37
dismisses,21
intended,30
lanka,68
installed,24
scott,13
signs,111
migrant,84
roots,20
symptoms,12
colleague,13
channels,12
shocking,50
operation,155
research,172
brutally,27
benedict,39
typhoon,36
stifle,11
levels,123
emirates,20
organisations,25
graffiti,27
sell,110
self,141
also,300
recognizing,13
conscription,13
virus,146
arson,11
seize,99
sometimes,35
stoning,32
barred,35
barrel,32
occupation,60
secular,47
sunni,29
tanker,29
insane,16
activists,283
project,108
15th,11
last,687
connection,43
bell,12
acted,15
belt,13
xpost,17
consulate,31
presses,13
expanded,20
budget,73
33,46
32,57
vow,35
jihadis,21
flooded,21
implement,12
infamous,12
lady,24
rangers,14
parents,154
indonesian,64
doors,19
emergency,168
couple,99
wives,37
balls,13
individuals,38
tribes,18
methods,19
thrower,13
melbourne,29
terrorists,176
legalise,23
bluefin,24
atlantic,55
chad,16
globally,18
chat,12
uranium,56
land,314
turkish,390
account,94
minerals,15
landmines,14
fewer,32
damning,19
lethal,19
video,526
survey,86
makes,178
maker,35
thats,25
yemenis,11
confidence,28
next,308
eleven,14
baby,120
icelanders,11
clients,35
reserves,55
process,94
rods,16
intelligent,11
underway,25
robot,15
customer,21
perfect,29
treat,26
thieves,29
snake,12
realize,14
spilling,11
shortage,35
books,53
witness,48
rigging,25
burka,22
mainland,28
prepare,49
gallons,13
could,940
scene,29
festival,33
backdoor,13
interests,51
enforcement,43
stomach,12
gays,58
false,68
tonight,25
cecil,12
worldwide,138
pressured,14
undersea,15
greenhouse,31
jan,21
bombings,50
tape,30
prohibition,14
dominican,11
symbols,15
taxes,93
stuff,13
insulting,81
nuclear,970
lawsuit,76
debt,192
kahn,12
willing,51
rbs,14
greater,70
ransom,21
denial,39
paulo,24
censoring,17
identity,55
diabetes,16
indonesia,140
audio,15
reefs,18
web,140
wed,13
wen,11
villagers,50
zimbabwe,128
become,305
mozambique,20
recognition,46
libyans,18
pressure,139
lifestyle,11
documentary,62
swimming,16
letters,27
yrs,57
stadium,21
places,57
placed,41
problem,130
nurses,14
compared,39
deadly,177
compares,17
details,84
repeat,19
outlets,15
exposure,13
searches,22
searched,15
integrity,13
punjab,11
neighbours,11
worth,165
investigator,19
deadline,14
jamaica,22
panda,11
declassified,22
protection,94
obtained,31
juarez,22
archaeological,14
sarah,12
devastation,11
coins,27
blocking,61
1990,16
1994,15
1998,18
era,86
knesset,11
indicates,18
recovery,19
carriers,11
inhabitants,17
hong,169
customs,30
nsfw,30
austerity,117
production,86
damages,43
coffee,34
safe,96
reasonable,12
dumping,32
marches,17
maduro,13
disputed,61
barrier,80
disputes,13
forcibly,26
refugee,108
renew,13
immolation,13
another,319
implicated,24
antarctic,46
electronic,43
2050,21
explosives,48
john,112
dogs,51
wasted,19
historical,16
nobody,40
germany,766
grave,62
aung,21
reserve,56
beheads,18
runs,52
insurgents,29
secretary,119
frontline,13
techniques,12
draws,22
away,265
cooperation,42
drawn,27
shields,16
visited,19
kitchen,11
climate,418
disappears,15
tons,103
tony,157
telecommunications,12
erdoan,33
attacked,187
attacker,22
separatist,20
hang,18
counterparts,12
hand,126
liberties,22
hans,11
traditions,13
mid,39
thanks,54
sochi,40
clegg,16
night,147
born,104
ossetia,38
asking,55
lahore,13
egyptair,12
peer,16
payment,33
conservation,19
isis,702
captive,26
maximum,24
isil,54
prayer,21
test,179
update,35
mi5,39
beds,15
diplomacy,20
battle,160
turns,106
gun,99
guy,52
cost,156
rapist,36
shares,37
shared,29
teacher,61
sending,117
extra,39
fbi,88
boycott,77
dmitry,22
chip,11
discussion,19
spreads,32
economy,304
product,24
escalate,13
produce,62
species,116
brain,57
still,319
non,164
introduce,45
wealthy,43
nov,11
drop,99
challenged,13
yeah,11
challenges,29
year,1573
monitors,17
transition,16
tries,84
outcry,22
blind,48
romania,52
ring,61
tomorrow,37
caught,164
brains,15
resulted,14
transferred,26
hsbc,47
orwell,11
overnight,22
equipment,60
america,281
reform,87
cracks,36
discovered,207
adolf,20
enriched,13
ukraines,18
burst,21
actively,16
suspects,92
import,27
exploit,19
perpetrators,11
tropical,16
dictator,67
suspected,224
joke,26
develop,35
inquiry,126
taxi,22
sweeping,41
renewed,11
euros,82
swim,19
laundering,46
stunt,17
fortune,25
roll,20
haram,93
output,14
exposed,85
ramadi,18
exposes,38
assembly,68
sixth,16
referred,12
shrinking,12
intervention,57
stark,12
start,159
stars,20
smuggling,57
delayed,20
fraud,119
default,31
600,89
forcing,48
poor,194
queensland,32
stockpile,19
overseas,54
month,296
dotcom,64
religious,230
pledged,19
pledges,45
wmd,15
horror,27
rouhani,15
decide,39
streets,207
investing,13
learned,23
tracks,21
conviction,29
losses,37
base,148
advertising,18
requiring,28
conventional,11
oecd,17
reject,45
compulsory,26
criticize,13
charities,17
territorial,23
systems,70
ceo,69
starbucks,15
heavy,93
testify,31
safety,85
overturns,14
houses,44
turnout,14
americas,36
american,539
apocalypse,13
hebron,15
horse,16
station,143
hundred,32
trapped,67
1915,11
assaulted,45
toward,82
contraception,19
organs,38
cave,33
hires,18
hired,33
aires,12
wreckage,22
physics,15
pesticide,14
phenomenon,12
melt,12
justice,188
criticising,11
feels,13
boost,76
retaliation,34
shia,26
stored,25
culture,81
close,197
locals,23
bride,18
pictures,104
missing,244
spray,23
ranked,16
gmo,17
league,36
minorities,29
forgotten,40
vault,13
experimental,12
add,31
threaten,92
empty,32
lived,31
lives,157
pact,44
pace,24
substantial,12
guide,24
pack,13
sentences,86
concentration,23
grant,27
vulnerable,17
grand,38
lie,38
blair,129
000,1571
gaddafi,169
mobs,17
settlements,103
questioned,28
caliphate,11
showing,100
dubai,148
success,38
popular,85
economic,239
papua,28
silence,51
eaten,16
bangladesh,109
visas,19
blow,79
whalers,14
similar,55
zionists,12
ordered,207
amounts,36
fears,173
department,72
clean,119
orbit,36
bribe,17
everywhere,21
64,22
friendly,31
wave,84
telling,58
positions,21
michael,41
enforce,14
jump,16
kidnapped,99
convert,26
gunfire,27
gene,18
patents,15
manage,15
camera,55
formally,36
israelis,152
appointed,20
recession,78
servants,18
meet,100
links,80
pulling,12
sought,36
stole,33
redditors,15
farc,11
farm,66
tomb,45
including,396
lithuania,32
bin,153
wells,15
university,207
slide,14
investigative,15
special,131
times,385
powerful,119
revealed,195
chemicals,34
natural,92
submitted,12
sq,18
enforced,11
julian,182
ecuadorian,17
battles,24
nytimes,45
gallery,12
cellphone,22
ngo,16
maritime,23
immigrant,28
officials,593
operated,14
nightmare,24
tens,106
tent,14
interfere,12
hits,197
limits,45
diplomats,62
tuesday,275
aviv,28
cent,65
liberals,12
controlled,31
abortions,22
smoking,58
surface,50
autism,14
parts,110
speaker,23
northwest,21
party,502
steals,14
destruction,80
increasingly,80
42,45
balloons,13
disappearance,21
loss,75
necessary,33
lost,228
payments,42
lose,84
likes,13
library,33
homs,42
home,418
broad,17
reaching,35
refuge,18
lulzsec,16
previously,95
additional,12
north,1249
tomlinson,17
blaming,23
gain,33
highest,120
display,19
urging,34
universal,23
beats,29
education,124
star,70
stay,107
else,57
samsung,20
atheist,35
atheism,12
aided,13
disability,12
pensions,17
swat,14
swap,14
offending,15
sorry,31
facilities,40
crops,54
likely,213
governor,49
kidnap,24
spokesman,44
metadata,13
men,513
met,60
lucrative,15
myanmar,56
spaniards,16
voters,54
warplanes,42
berlin,115
room,58
roof,19
movies,12
root,14
skype,26
foods,16
amazing,38
aboard,26
loggers,18
vicious,15
schoolchildren,13
third,195
defaced,11
operate,15
athletes,21
belong,17
personal,130
hezbollah,61
crew,70
schmidt,11
arrested,563
wage,50
trading,48
venezuela,211
resume,19
uses,73
enraged,11
kurdish,99
begins,75
poland,153
palace,49
tells,234
worsening,12
tunnels,27
zealand,231
probe,140
liberty,14
northeast,15
jailed,228
christopher,21
earn,24
qaida,61
troop,20
ears,11
artificial,29
cousin,14
livni,15
resistant,32
russia,1693
puts,69
basis,25
tiny,49
commission,87
trigger,18
interest,92
basic,58
entered,55
deeper,14
ugly,22
settler,43
seven,164
burundi,11
cant,40
waging,14
meets,29
programs,31
failing,64
800,73
investments,21
yen,14
fighters,159
yes,52
yet,125
royal,108
intends,19
save,174
sailors,19
nude,16
signal,22
greenland,20
deal,372
elderly,50
dear,14
confrontation,22
chilean,45
magazine,49
managers,16
murderers,11
communists,12
initial,20
editor,53
factions,11
starve,17
landing,41
analyst,18
horrifying,12
graft,16
marking,13
journey,13
weekend,65
happening,52
restores,13
stripping,11
restored,15
retention,16
21st,17
father,132
iraqi,217
sovereignty,35
advises,12
adviser,32
advised,16
proposals,21
round,43
talked,11
dealing,30
suspect,100
international,672
filled,32
dwarf,15
box,23
boy,173
bow,12
diagnosed,11
bob,14
merely,20
haaretz,18
liberation,17
cows,16
making,241
fuck,28
dennis,11
140,30
freezing,11
deforestation,36
membership,48
lsd,12
shoes,20
police,1940
monitor,48
interesting,31
yazidi,14
policy,234
elephants,74
worried,32
afghans,45
pedophile,34
bailout,66
bayer,16
first,1320
fleeing,42
rachel,12
speaking,56
allegedly,143
memo,17
serves,13
defecting,12
nazi,147
kevin,22
bailed,11
shocked,33
squad,34
jungle,29
200,197
arguing,20
assault,120
complaints,35
radioactive,85
alarming,26
sites,146
jordanian,22
vaccines,11
treasure,24
storms,23
treasury,20
awareness,15
info,28
get,464
hailed,20
gen,15
malaysian,66
morning,63
miles,94
declared,130
seas,25
seat,36
seal,38
wonder,25
indicted,14
label,17
enough,151
across,335
infrastructure,25
august,30
nationality,11
blasts,72
tour,25
among,234
firewall,11
considering,94
capable,34
400,120
dramatic,39
wake,61
declaration,30
sound,26
coca,50
promising,14
cancelled,41
investigating,76
strait,18
sleeping,25
strain,30
rupert,81
synagogue,11
extended,20
iraqis,33
unofficial,11
decriminalization,27
meteorite,12
identifying,11
images,117
knife,27
william,16
jerusalem,179
censor,36
1bn,29
havana,13
assets,56
founder,181
preserved,20
banning,73
sitting,19
winning,47
newly,70
washing,12
20th,20
zero,37
perspective,17
wrecked,11
spotlight,19
medics,11
africa,423
shareholders,14
governance,12
landed,15
recall,18
guards,71
halts,36
collision,11
minimum,50
numbers,82
homicide,11
needs,97
demolition,16
acts,62
maps,22
sacred,15
acta,64
questioning,21
coming,122
onto,38
dragon,12
primary,27
compound,32
viewers,11
mystery,71
evade,14
defy,30
mikhail,15
extraordinary,33
backed,109
reparations,12
beginning,56
tayyip,28
heights,20
urban,27
gorbachev,26
lifts,23
eggs,21
chart,12
advert,11
services,122
mammoth,17
rebels,358
gitmo,15
businesses,34
headlines,12
cell,88
experiment,36
cholera,34
express,16
breast,18
doubles,23
restaurants,24
expert,65
10th,13
restaurant,28
foreign,450
point,87
ravaged,12
expensive,40
rivals,26
kurds,68
nukes,30
elections,157
madoff,12
portugal,56
century,131
currencies,14
withdraw,51
shape,17
unesco,42
alternative,37
timber,14
cut,271
cup,140
marrying,11
source,114
retake,20
austria,43
absolutely,25
delegation,14
decision,123
manipulate,11
epic,16
paedophile,35
slams,59
abusive,14
translate,18
invite,11
planet,97
planes,58
stripped,42
cure,32
curb,50
reputation,24
intensifies,18
heatwave,18
antiquities,11
updates,26
bankers,68
tombs,12
vietnamese,31
entire,142
announcing,12
ceasefire,60
havens,27
blatter,17
rivers,24
copenhagen,36
assisted,18
access,221
safer,16
honor,46
richest,78
escapes,22
closing,27
didnt,28
holds,61
profile,32
guatemala,52
furious,29
despite,311
gazans,26
horns,13
galaxy,14
tsa,12
blindfolded,14
sexual,204
yard,24
mortar,27
allied,15
reaches,56
hey,13
reached,76
pakistans,12
pakistani,234
explanation,20
swedes,16
sweden,258
uganda,85
throat,16
concerns,67
prisoner,54
disease,102
medvedev,53
survived,35
knowledge,38
sparks,45
communist,85
discovers,25
regularly,18
monopoly,19
fixed,16
turkeys,29
taiwanese,13
attempting,43
monarchy,29
armenia,24
revoked,15
southeast,27
equal,39
wear,42
statues,20
fukushima,277
lebanese,40
partner,42
sisters,19
stores,30
interim,11
smart,26
displaced,18
like,558
admitted,73
hail,14
hair,21
happens,30
hurricane,13
screwed,13
lockheed,11
justin,22
introduces,28
introduced,28
commonwealth,13
female,256
quickly,30
rushed,13
development,91
coke,15
identities,16
dressed,18
detail,14
detain,28
convicts,19
ubs,16
playground,11
school,342
guidelines,15
direct,66
blue,35
hide,49
supplied,21
supplies,84
leaves,84
patience,15
would,798
spike,14
excellent,18
estate,24
dolphin,19
returned,48
ceremony,33
toxic,89
amid,214
imf,87
diseases,28
prevented,34
cable,52
joined,32
saturday,54
sand,18
laid,16
independence,117
days,399
filter,26
smokers,16
researcher,15
encouraging,17
adopted,21
nhs,41
bitcoin,31
leaking,52
kidnaps,19
immigrants,66
tourists,96
bridge,36
deploys,30
pkk,18
bail,49
wedding,41
haiti,134
angers,17
spokesperson,13
1960s,15
disturbing,21
grandmother,14
mud,14
finger,17
discovery,71
however,29
news,996
fault,12
expense,15
smuggled,31
conference,96
censors,21
shortly,21
ocean,129
jean,19
proposed,109
unemployment,90
proposes,64
gave,94
breaks,83
burns,38
burnt,14
brutality,45
melting,25
broadcaster,18
hunt,83
election,321
pulls,30
rhino,73
deleted,15
cannabis,117
attacks,504
dinner,13
ensure,30
donates,22
ussr,12
vaccination,32
stuck,28
amateur,17
consequences,43
regime,205
beheading,33
setting,41
papers,96
picture,76
football,57
pedophilia,12
faster,40
australians,38
uncovered,45
vietnam,104
rob,24
row,125
passage,14
anyway,13
tanks,98
clouds,15
level,155
posts,53
standards,47
pork,13
porn,121
trend,15
soldiers,426
port,57
goes,163
witch,23
rethink,12
exams,12
shootings,22
bribery,40
scam,25
crisis,514
athens,58
abbas,40
today,358
cases,152
figure,36
schoolgirl,21
critic,28
vital,28
fourth,44
islamic,578
platform,29
farmer,27
donated,18
torch,34
catching,11
tensions,74
pandemic,21
turn,179
prayers,16
seeker,11
legacy,17
cards,44
measure,29
sciences,11
sure,34
donation,18
later,115
cheap,32
spaces,12
spacex,18
gulf,114
written,50
jokes,12
barbaric,12
paper,84
predicted,19
commitments,14
libya,290
quiet,19
contract,43
railway,33
filtering,15
period,35
insist,11
turkey,556
escalates,21
direction,13
andrew,18
spirit,12
pilot,73
case,388
cash,123
cast,23
intifada,11
abducted,43
refinery,13
author,31
granted,50
week,358
director,63
statue,34
without,451
relief,38
bodies,163
justify,17
cease,38
polish,91
feminist,14
lets,28
delhi,73
donations,31
tower,30
competition,22
frees,19
luxembourg,17
moon,96
freed,80
slaughter,47
found,976
beaches,22
discussed,15
tribe,44
rising,119
whales,40
alleged,193
alleges,20
haitian,25
grass,14
yemeni,43
piracy,89
deserve,17
underwater,30
immunity,33
bullets,40
wife,133
websites,103
treason,30
decisions,25
glimpse,14
apartment,28
dairy,15
egyptian,325
infringement,20
smartphones,12
treating,20
list,165
escalation,21
sue,85
sub,30
sun,45
suu,32
version,52
christian,181
theresa,11
tragedy,29
naval,56
lifted,27
israel,2100
sorcery,16
antibiotics,16
proclaimed,12
short,59
shore,14
balloon,13
isnt,23
clashed,13
clashes,84
soccer,46
hunted,14
instructions,11
mastercard,17
weighs,13
weight,21
alcohol,46
friday,160
jew,25
fallen,30
story,195
leading,152
interviews,19
tougher,23
storm,97
ecuador,128
gps,17
rifle,15
king,162
kind,72
scanners,25
genetically,32
electric,57
dealers,15
traditional,35
draconian,14
lying,34
gains,28
emails,66
wrote,35
chambers,11
threats,120
sold,129
attention,65
confiscated,22
betrayed,14
citys,11
whistleblowers,32
sweep,15
deposits,17
regulated,15
village,161
flight,148
algeria,27
precision,11
demand,208
frozen,43
shirt,11
higher,85
restraint,12
contractors,23
emerge,20
questions,82
prince,80
traffickers,32
systematically,16
collect,11
paralyzed,16
mart,22
refused,96
refuses,129
vaccine,54
pipeline,76
range,86
shed,11
sports,15
question,65
long,341
andy,11
twitter,150
rally,106
peace,349
backs,66
nice,16
users,169
meaning,19
allowing,100
microsoft,56
alien,21
gang,161
winds,12
gold,145
breach,46
include,82
mainstream,23
concluded,19
fold,11
acid,51
makers,20
concessions,12
19th,12
degree,25
monetary,24
youngest,20
survivor,29
larger,30
leaving,114
suggests,98
writer,35
app,30
arafat,14
syndrome,15
toddler,11
attend,31
tahrir,48
holiday,33
crowds,24
campaigner,13
republican,16
articles,21
ambassadors,13
sentiment,14
chaos,57
disclose,15
organic,20
fascism,22
unknown,47
priority,18
aggressive,27
teenagers,40
5bn,24
linked,135
branson,12
teargas,17
pipe,12
agreed,77
senegal,11
fear,160
agrees,58
2bn,14
gillard,17
topple,20
cuba,154
massacre,199
married,51
gmail,15
favor,53
converted,11
crude,40
bought,28
ability,33
opening,56
job,132
takeover,21
joe,17
jon,14
karzai,49
incident,62
april,61
grounds,37
tunisia,73
second,270
decent,11
offers,99
scrutiny,23
stunning,26
thus,11
perhaps,32
buddhist,32
largest,391
difficult,30
slave,48
warming,95
excessive,27
heavily,33
arresting,19
term,107
press,169
testimony,21
employment,18
jeremy,21
rare,134
carried,76
carrier,31
weather,41
promise,30
transfer,27
protesting,83
horrific,32
incredible,26
conclusion,13
chavez,87
tonnes,33
yellow,12
electricity,103
regional,45
prize,152
succession,11
charter,25
quite,33
brexit,24
whaling,63
increasing,57
avert,14
error,24
military,1100
divide,15
explained,11
summons,11
cheating,23
spoke,16
telegraph,69
successful,41
hurt,50
household,12
artillery,42
organized,46
damage,106
machine,42
shores,11
siberia,21
effective,30
wins,143
keeps,28
wing,89
wind,113
wine,24
hidden,74
silver,19
represents,13
dumps,11
financial,240
garment,18
laboratory,14
fugitive,21
ian,21
heading,39
wash,13
niger,22
170,14
lego,11
cooling,14
listed,15
legs,19
listen,28
danish,95
collapse,165
geneva,28
outlaw,13
zimbabwean,14
gives,134
person,128
responsible,91
causing,89
even,446
victoria,25
letter,111
drought,64
morality,11
professor,57
advisory,12
bomb,342
reactor,101
ttip,51
nominated,11
hungary,78
new,2382
respond,47
blew,24
mandatory,41
disaster,162
fair,47
fail,77
best,123
pirate,243
side,95
preserve,21
carbon,100
irresponsible,11
250,62
criticised,29
criticises,20
life,470
sydney,45
hospitalized,18
filmmaker,11
confinement,12
chile,103
child,470
diverted,11
presidency,31
skirts,11
babies,60
plight,16
possible,184
possibly,58
birth,94
unique,26
people,1849
fox,50
boycotts,11
dollars,117
citizens,288
stormed,22
physicists,15
happy,40
manufacturers,20
tigers,44
paypal,21
torturing,26
panels,28
liberal,52
mideast,25
proven,15
ddos,19
proves,28
accounting,15
posting,29
protested,14
republic,112
protester,58
invested,11
persecution,26
ottawa,26
veterans,18
fatah,15
allegations,113
tear,71
solved,16
subway,11
team,127
prevent,139
current,95
persecuted,13
teaching,31
studies,25
love,70
bloody,48
positive,37
afford,27
apparent,40
behalf,27
believes,48
values,30
believed,90
winter,49
elephant,67
spot,33
date,34
data,337
wheelchair,11
unacceptable,28
kong,162
decades,161
petition,59
matches,14
records,87
arriving,17
breakthrough,31
container,16
contained,16
suggesting,38
million,877
possibility,34
disguised,22
collapsing,14
vote,288
atheists,23
representing,16
rival,48
future,170
opens,79
prospect,15
take,466
infections,17
axe,19
operations,114
surplus,18
jpmorgan,26
hockey,11
equipped,13
posted,34
bombs,157
liable,11
surgery,28
rages,11
mecca,21
affecting,16
teens,42
supermarket,21
jets,114
undermine,21
expression,42
mccain,15
homosexuality,71
anti,814
combined,25
renewables,31
deadliest,23
thousand,33
shuts,61
putin,547
costa,41
costs,83
crimean,18
fixing,19
weekly,18
skies,12
absence,14
60,176
fossils,13
62,21
lebanon,116
68,16
racial,18
pakistanis,21
thinks,27
destroys,49
contracts,36
industry,185
act,180
flawed,12
image,51
parties,74
recommends,14
cloned,11
billionaires,28
featuring,17
buying,73
confessions,12
politically,23
agree,81
detailed,18
gone,94
ad,27
ai,26
ak,15
al,633
ap,31
au,16
carved,13
extract,11
tiger,56
original,31
content,81
ghana,22
trillions,11
condition,30
dinosaur,18
antibiotic,18
penalties,21
assaults,24
section,23
nurse,31
hours,265
backlash,33
almost,272
pics,99
pick,31
action,241
smuggle,19
egyptians,49
marriages,29
petroleum,15
archives,11
keeping,39
science,101
resources,72
beautiful,19
stated,12
accept,78
states,479
sense,35
stratfor,12
information,203
greenwald,46
mexican,292
travelling,17
propose,11
misuse,12
always,39
status,79
repressive,12
highway,29
civil,186
sparked,46
proxy,12
imagine,17
weed,26
number,251
heads,72
threatening,76
erupted,14
relationship,31
immediate,39
rampant,25
obama,531
critically,18
iranian,411
determined,18
marriage,207
fights,39
play,46
plan,335
cover,136
tpp,72
attacking,51
session,17
impact,70
condom,17
preparing,84
croatia,22
set,455
sex,555
see,254
migration,27
sea,392
avoidance,15
goverment,11
whole,76
drunk,45
community,110
agents,78
hitting,33
assassinated,32
firm,143
fire,510
fund,132
towns,37
judicial,25
owes,12
vanish,12
aleppo,34
2030,30
walmart,26
tobacco,53
recent,174
plagued,13
chest,11
location,21
homeland,28
victims,235
demands,135
lenin,11
sight,33
prosecuted,19
agreement,122
forming,13
bp,107
wildlife,56
anything,53
ambush,11
occupy,61
jewish,290
pastor,16
link,83
line,104
fatwa,33
nationalist,17
nationalism,13
codes,11
preventing,36
robots,27
sides,38
rescued,63
walked,18
summit,91
rescues,13
essay,13
code,40
results,80
mercenaries,17
tibetans,27
send,152
citing,50
sent,165
garden,16
shabaab,11
trudeau,25
obesity,30
mediterranean,36
index,24
firms,114
bird,36
led,197
lee,25
leg,11
slogans,12
let,161
engage,19
decriminalise,11
residents,141
rigged,11
standing,36
archbishop,32
ministers,70
doubt,39
confiscate,11
occurred,19
labelled,15
insists,29
drill,36
nears,22
bahrain,117
high,481
animal,78
blocks,70
npr,19
boeing,22
acquitted,13
allow,192
operative,11
puerto,18
liberia,37
agriculture,24
spill,108
david,223
davis,13
450,15
owned,69
jesus,22
owner,71
blows,27
adopts,11
steel,21
colleagues,24
tortured,101
clearly,27
documents,262
studying,17
soar,23
medal,20
manchester,14
asylum,201
planted,21
mayors,14
hope,76
temporarily,15
catastrophic,29
yousafzai,17
email,65
bolivian,29
restrictions,39
drug,642
figures,62
co,130
picking,11
quotas,11
degrees,23
hottest,23
rioting,15
2015,104
laser,15
ball,20
columbia,18
bali,14
command,21
moments,14
residential,15
onion,17
habitat,15
footage,120
ballot,14
transport,38
avoid,104
stage,59
sister,31
seeds,24
burma,51
alliance,46
commitment,20
housing,51
function,11
reopens,11
delivery,28
construction,103
count,23
official,484
threw,33
bearing,17
recognize,64
palmyra,16
pension,29
rural,45
oldest,70
blanket,13
monsanto,63
established,24
near,395
reconstruction,21
churches,42
sinks,21
pluto,14
pursuit,13
study,304
smoke,43
bunker,15
secure,38
jinping,23
palestinian,619
indians,40
reign,11
lawmakers,59
permits,19
dubbed,18
il,69
id,42
boats,42
ordinary,33
suing,24
supermarkets,23
greek,235
green,135
consent,27
mayor,143
affected,38
defected,20
classified,42
councils,11
crimes,306
nigerian,93
crimea,119
forty,13
vessels,26
ordering,18
baltic,24
abolish,17
drones,92
damaging,29
manned,19
strength,11
rome,48
neighborhoods,11
de,73
dc,15
da,13
dr,51
co2,23
tainted,22
accord,16
downgraded,15
cop,45
cow,11
requests,33
com,162
con,13
beheaded,53
dozens,146
families,137
voice,44
dumped,42
hebrew,16
confirmed,125
patent,37
monarch,13
raid,194
blames,59
rail,36
evil,28
norwegian,121
blamed,73
kept,70
1970,12
camps,69
mohamed,34
adding,24
spread,139
transformed,13
arab,307
cape,14
insurgent,15
security,614
starvation,21
sends,102
comments,88
graduates,13
pays,45
fight,352
veiled,12
vatican,206
flat,20
tesla,18
evidence,295
interested,25
jong,180
flag,81
together,72
pilots,38
global,600
helicopter,57
supposedly,11
zone,132
flash,17
permanently,23
anonymous,148
blast,86
salvador,23
revolution,135
economist,54
supporting,51
explosion,117
appears,78
change,418
trial,270
retired,31
italians,13
suicides,24
rarely,12
terminal,13
resigns,60
live,321
entrance,18
incidents,23
spy,280
dedicated,15
expanding,24
subsidies,38
purity,11
handle,18
shoe,43
bankrupt,20
bonds,16
remember,65
explicit,13
rather,85
embassies,21
nerve,14
indeed,15
cold,85
birds,25
cola,32
norway,221
halt,69
intellectual,19
half,276
hall,14
wont,48
lies,51
entirely,27
el,86
en,20
ed,27
fires,130
ex,209
amsterdam,36
eu,667
shown,32
opened,73
space,208
receiving,27
shows,325
chvez,28
rebel,102
striking,36
impossible,36
size,63
sheep,19
households,16
friend,44
decapitated,21
anger,87
veteran,37
atrocities,29
developed,66
husband,61
bulgaria,38
concert,23
famine,28
concern,44
morales,27
justified,27
article,96
comet,21
comes,113
sticks,15
rebuild,15
malala,28
punished,34
dangers,15
shortages,27
wounds,22
observers,25
developing,83
landslide,15
soil,38
bias,19
embrace,18
media,458
document,80
finish,20
fruit,16
tradition,27
mentally,27
traps,12
generally,11
communities,43
touch,16
speed,77
treatment,130
struck,45
momentum,16
real,182
read,65
execution,68
pounds,42
postponed,16
hacks,20
recorded,74
conservative,99
deficit,32
tuition,25
central,228
protests,518
operator,29
genetic,21
stealth,28
trying,258
irreversible,16
hire,23
describe,23
moved,46
sales,74
ban,633
moves,96
credibility,17
storage,24
gaining,22
polar,30
torched,24
coverage,65
poachers,90
referring,11
clerics,39
confidential,22
mps,87
blackout,21
apologizes,25
witnesses,53
multinational,17
recruits,20
answers,29
strong,85
respect,42
ultra,56
ahead,185
soldier,160
mousavi,13
kurdistan,21
broke,70
nine,114
pushes,36
pushed,42
string,15
rapists,26
ft,17
malware,21
fi,29
fm,24
juan,16
rhinos,42
fined,83
fines,59
food,445
outbreak,102
foot,41
fully,46
capability,13
apartheid,58
fees,38
accidentally,42
robert,61
since,531
ass,16
heroin,47
dire,15
ask,96
ash,24
sheikh,17
cheering,13
fearing,27
shifted,11
jordan,91
store,43
airstrike,51
labour,85
towards,99
quote,14
salary,26
copyright,111
pretty,29
meanwhile,26
trees,52
famous,52
sacrificed,13
switzerland,118
manning,35
aims,57
deploying,19
wow,13
poorer,14
battery,15
doping,11
described,68
earthquake,251
describes,26
airstrikes,69
partly,14
crack,50
rulers,29
anymore,23
used,418
temporary,24
feds,11
user,39
priceless,12
brussels,73
clears,16
praying,14
barack,84
guarantees,14
march,180
paramilitary,14
creation,25
qatar,100
slash,14
run,283
lakes,15
abroad,54
faith,44
76,15
lieberman,21
seeing,32
besieged,19
heritage,59
78,23
russias,58
russian,1201
adults,33
cotton,13
armenians,27
politicians,146
visits,38
required,31
depth,16
requires,14
nuns,16
go,378
gm,45
g8,16
punishing,15
download,15
rotten,11
stance,39
focused,11
arrive,24
products,78
congolese,13
cloud,35
belgian,61
benchmark,13
missile,245
drops,65
providers,18
escaped,39
jails,53
located,18
chiefs,24
falklands,21
plunges,13
agenda,24
healthcare,33
offences,26
exclusion,12
sunday,156
koreans,50
modi,13
medicines,20
sands,45
secretly,70
investigate,74
islamist,138
activist,179
libor,43
eco,16
route,38
keep,182
congo,101
grow,73
apology,43
overwhelming,19
photograph,19
ben,19
bed,15
bee,16
defense,199
providing,33
border,439
gunned,20
fuels,56
proceedings,14
businessman,36
affair,17
arabian,30
fuel,166
120,47
evolution,22
mohammed,47
shi,14
accuses,119
accused,414
elbaradei,11
horrible,16
sole,13
shabab,14
squads,12
approval,57
addition,13
discrimination,41
releasing,18
netanyahu,177
tweets,31
owns,21
resident,25
views,48
semitism,24
nato,356
warrant,58
fate,34
historic,84
prominent,61
exploiting,12
sized,16
medieval,28
expansion,51
recognized,14
recognizes,31
secretive,26
hq,23
limit,64
twist,11
donetsk,28
insults,15
protest,593
magnetic,17
rescue,74
covert,20
reforms,50
affect,25
companies,259
solution,76
correct,16
indefinitely,17
ups,14
clothes,33
uncovers,18
neo,77
net,96
never,214
drew,12
omar,22
county,15
drowned,15
pyongyang,39
counts,15
type,17
tell,100
supporters,87
expose,40
underwear,13
kgb,20
rights,845
ministry,125
give,286
polio,60
kabul,46
pharma,15
chechen,17
unemployed,20
academics,21
rhetoric,22
daughters,29
flotilla,69
taught,11
dawn,43
decree,20
surprise,56
revenge,31
logging,27
iss,15
isp,38
messages,56
isi,20
loud,13
economists,19
executions,42
influence,58
girls,230
villages,67
preacher,16
legalize,56
matter,53
medical,167
qaddafi,33
points,32
thirds,32
judges,40
debts,24
air,491
stop,442
comply,16
fields,42
ethical,13
reference,13
zones,25
scrap,24
continent,34
vows,100
appeared,41
recognised,14
downed,22
tank,63
anchor,15
chilling,24
metropolitan,20
ip,27
ii,66
shame,32
im,16
euthanasia,14
bottles,25
declaring,22
practices,30
roma,49
facto,11
identify,30
facts,17
belfast,13
reactors,54
germanys,17
ops,13
govt,192
beirut,20
confront,14
wwf,15
tracked,20
uproar,24
burn,48
bury,15
essential,22
islands,124
appoints,13
form,93
fireworks,20
ford,25
syndicate,11
abusing,23
shin,14
ship,276
shit,31
digital,50
exporter,15
dies,188
felt,26
diet,11
fell,38
authorities,307
transfers,13
died,266
billion,591
skin,23
editors,16
marks,22
billionaire,67
olympic,82
somalia,119
bombing,146
transportation,13
tibet,39
okinawa,25
exploitation,27
troops,504
calais,16
insider,27
curriculum,12
olive,21
effort,86
growing,230
crazy,24
firing,56
pink,15
chemical,153
sword,21
designed,33
guys,21
maybe,22
provide,82
jail,318
gesture,12
rabbi,19
stability,15
cuts,164
hitman,11
texas,19
finance,90
killer,88
killed,1305
resignation,46
offshore,73
peshmerga,15
monster,20
language,76
lone,16
carry,75
corporations,35
fiji,16
pirates,128
cartels,67
knives,15
marijuana,220
conspiracy,42
venezuelans,17
pain,37
investigations,28
paid,144
pair,15
cuban,41
massacred,19
massacres,12
corrie,13
delta,23
legalization,68
cambodian,17
forecast,12
mubarak,126
pump,11
black,220
hungarian,27
patriot,22
mineral,13
whereabouts,11
behind,235
reading,30
checks,21
killing,443
dates,13
according,344
holders,15
cancer,179
cancel,30
custody,54
arts,12
borders,107
offered,76
spills,29
apologises,15
margin,11
middle,265
sahara,11
litres,16
scientist,89
totally,27
accountable,21
gangs,59
nick,20
raqqa,15
admitting,16
chamber,15
nose,13
robbery,12
robbers,16
witchcraft,27
booming,17
gross,19
sudan,136
lunar,11
seconds,11
broken,61
roaming,13
opium,25
stations,41
island,151
lands,45
pharmaceutical,19
handcuffed,14
passports,52
tycoon,28
wiping,16
drills,18
manuel,12
leaked,174
leaker,18
girlfriend,15
lifetime,15
istanbul,54
field,43
students,246
tackle,35
remote,49
starting,65
represent,19
talks,235
rwanda,24
fall,98
mothers,28
saudi,777
lawyer,119
stood,18
operating,44
search,131
prosecutors,68
airport,186
tiananmen,49
alexandria,11
transit,19
rampage,14
extinction,62
establish,22
cultivation,15
bulgarian,11
town,217
none,27
vladimir,178
clergy,15
hormuz,16
purchases,11
hijab,15
bags,31
uprising,62
different,71
ambassador,164
blood,123
coal,150
setback,14
existence,31
late,73
reuters,132
seeking,77
walls,17
struggling,32
everyone,88
idea,77
insurance,16
funding,87
projected,12
isps,50
settlers,99
approximately,14
wages,43
bullied,15
twenty,17
gruesome,15
concludes,13
confirms,145
significant,58
kg,15
ki,29
humanitarian,70
km,34
thomas,13
nervous,14
freedoms,34
permission,43
courage,11
annexation,27
restart,14
scenes,24
individual,25
feared,51
halved,11
tightens,11
supply,130
shutdown,31
throughout,29
create,83
underage,23
secret,450
ireland,220
laos,11
cruelty,19
understand,41
bill,392
tolerate,17
fun,22
moment,51
spent,99
landmark,52
spend,46
atomic,44
injuries,23
shouting,16
rcmp,15
matters,15
back,550
nicaragua,13
pet,17
integration,14
per,200
pen,12
invade,27
chanting,20
neutrality,42
dalai,59
infected,47
germans,87
forward,46
imprisonment,32
rejection,11
denying,23
fracking,63
explaining,11
maldives,14
minors,19
graves,33
chapo,16
cctv,22
putting,65
assad,182
severely,29
warheads,22
muammar,39
giving,108
intercept,27
private,170
names,108
resolutions,12
ashamed,12
harvest,27
praise,16
effectively,39
daring,12
regions,33
winners,19
afp,20
airline,47
buildings,50
addiction,22
six,297
meter,11
struggles,25
industries,13
le,16
la,24
acres,21
criminal,203
auschwitz,34
airports,32
thwart,11
announces,123
defend,77
electronics,12
announced,145
cured,14
warships,50
monkey,22
environmental,133
spiegel,25
eight,128
exaggerated,11
absurd,25
supported,24
supporter,11
timing,11
areas,84
organ,27
national,406
terms,49
laureate,21
colombian,40
freely,12
attributed,11
busted,29
passing,35
comment,22
travellers,14
earning,14
pouring,14
videos,51
value,52
captors,12
respected,13
arabia,406
defiant,20
kidnapping,49
cubic,11
bullying,18
center,90
weapon,65
latest,186
seats,30
protecting,38
forbes,15
citizen,62
tests,104
judiciary,12
deployment,18
works,43
shelter,22
panel,71
billions,107
brands,22
doesnt,21
1984,12
1980,12
1989,23
buy,101
bus,120
embargo,27
wish,16
minutes,86
mysteriously,11
80,131
virtual,11
85,30
resolution,68
caste,21
hate,72
tweet,25
poorest,45
pride,39
every,295
encounter,12
enjoy,15
leaders,304
estimates,28
persuade,11
beaten,128
daesh,14
conduct,32
hundreds,338
path,39
generals,18
auction,18
feelings,14
visible,13
raids,53
shoot,100
join,187
mt,18
mp,135
ms,14
mr,60
mh17,38
end,509
astronomers,14
charging,27
mess,16
demanding,80
cement,11
stronghold,18
enter,101
using,341
hypocrisy,24
expectations,16
revelations,68
victory,95
lasting,13
signing,23
moldova,20
god,98
saddam,51
got,127
gov,70
already,162
ballistic,21
tool,23
serve,36
took,155
western,282
talking,42
regulate,15
harper,70
prostitute,15
peers,13
treats,11
flow,23
random,11
photo,71
shutting,14
countries,529
twice,51
shots,41
ruins,26
swept,11
capacity,44
boss,71
censorship,96
contamination,22
improve,40
protect,210
epidemic,42
beef,21
beer,38
bees,21
darfur,40
teachers,60
containing,52
complex,47
several,155
pupils,26
greatest,37
humanity,78
apart,30
exxon,25
gift,20
specific,12
jazeera,153
clubs,14
meters,15
escape,81
icc,20
armed,170
ice,111
petrol,29
christmas,64
espionage,44
core,28
corn,21
corp,62
census,20
misleading,19
genocide,153
sepp,15
sept,22
lashes,54
head,295
heat,54
hear,29
nk,16
junta,13
ny,22
nz,55
staggering,17
falkland,13
bullet,28
advantage,14
denounced,14
philippines,125
denounces,11
groups,239
dea,13
unidentified,17
dec,12
thirty,22
shelled,12
1st,97
post,205
kerry,63
riot,150
share,82
chocolate,17
local,212
stroke,14
performed,13
hydrogen,15
swedish,215
speaks,46
unbelievable,11
blocked,92
apes,11
coordinated,11
conversations,11
equality,36
begun,57
profit,54
100s,15
theory,28
impose,43
origin,25
sovereign,41
millions,232
airbus,14
convention,27
briton,12
hub,11
looting,19
require,40
diplomatic,100
pre,46
armored,18
anc,11
pro,230
prostitution,47
falls,85
visitors,27
considered,60
crime,266
begging,12
rendition,29
closure,30
regarding,33
floods,47
penguins,14
reveals,196
violated,31
violates,36
fails,70
weapons,405
sacked,33
region,188
senator,24
deported,26
pole,14
poll,131
attenborough,12
robbed,14
mocking,12
tamil,31
paying,87
someone,63
siberian,19
shifts,22
producers,20
changing,40
model,56
guided,11
announcement,11
except,28
poised,29
scheduled,22
easily,17
standstill,19
recalls,13
pacific,137
informant,18
provided,33
legal,281
provides,29
provider,12
communicate,11
ok,33
oh,22
op,26
responds,19
racism,47
strict,24
racist,63
750,11
connect,13
strongly,29
cbc,22
cbs,14
politics,71
included,37
invest,19
seals,21
follow,46
settlement,124
subjected,27
removal,23
program,177
belonging,21
woman,587
worse,118
worst,192
abandoned,57
grandfather,11
manslaughter,20
rats,13
ten,65
tea,21
rate,156
design,18
deeply,25
guns,56
fascist,16
combating,11
medicinal,14
options,19
cause,126
texts,14
benefits,63
debates,14
behring,18
embarrassing,19
breaking,96
cleansing,28
buenos,12
september,57
islam,222
argentina,135
might,128
alter,11
argentine,48
bigger,41
inequality,40
nepal,53
health,336
mexicos,15
benjamin,37
teach,19
throws,23
linking,19
defects,31
blank,14
temperature,22
correspondent,16
uniforms,16
strengthen,17
added,37
warnings,43
measures,90
shareholder,11
dissolved,11
institutions,36
stones,17
stoned,27
costing,13
penalty,87
worldnews,15
appeal,95
activity,57
sustainable,17
turing,18
slapped,12
contrary,18
corruption,276
korea,1190
recently,79
bronze,13
license,20
flies,13
reasons,38
brics,15
due,219
pa,11
pm,348
ages,18
condoms,29
deepwater,14
theres,17
arrives,22
arrived,26
built,119
lower,63
anybody,15
competitive,13
advisers,12
build,194
condemnation,23
province,77
fucking,22
grenades,27
boko,88
stricken,26
canal,24
territories,36
fast,78
scared,22
mountains,21
upheld,13
associated,40
income,88
suffers,30
nasa,132
joining,40
issues,105
dissidents,26
stable,20
fins,16
graphic,49
drinking,80
fine,79
nazis,63
pushing,51
youre,12
trans,43
use,598
fee,17
feb,18
usa,73
sort,21
parliament,453
journalists,236
islamabad,14
something,86
united,532
carries,14
swear,11
tension,29
cheaper,32
boosts,12
contaminated,31
ships,105
permanent,34
orange,26
orthodox,65
satellites,38
investor,11
profound,15
tabloid,14
nuke,38
illicit,22
proposing,11
academy,14
patients,99
europes,25
combat,88
harmful,15
looked,12
planning,141
democrats,11
filmed,47
prosecute,32
ended,45
expel,23
packaging,16
guantanamo,74
hunters,26
painted,16
radiation,124
cross,92
member,185
fighting,203
taliban,331
routinely,18
cries,13
fishing,99
rapid,27
myth,18
interrogation,25
neda,11
loses,96
virginity,20
growth,86
mines,35
bosses,27
extension,13
sectarian,18
urged,69
urges,129
emperor,11
triggered,18
bosnian,21
record,312
infants,13
demonstrate,21
intentionally,13
foul,13
four,381
prices,143
cyprus,39
increase,114
sinking,30
oceans,40
stabbed,44
bonuses,43
fossil,108
admiral,14
lgbt,39
criticism,91
replace,45
cocaine,75
opponents,42
strike,417
females,12
pursue,14
plunged,14
significantly,19
revenues,11
example,41
currency,119
deutsche,18
cigarettes,31
unlawfully,14
survivors,45
easier,23
schools,153
volcano,75
series,84
rt,30
mayan,11
foundation,32
threatened,145
enormous,23
exposing,35
1970s,22
lawsuits,13
showed,47
tree,30
shower,12
runner,11
recommended,15
entry,55
snooping,19
camp,141
came,84
meetings,20
participate,14
lessons,19
headline,13
denounce,17
xinjiang,25
paedophiles,16
recruit,21
resigned,31
rings,12
nationwide,31
defiance,16
country,1194
macedonia,18
planned,110
argue,14
pregnancy,17
worker,73
worked,45
damaged,48
european,588
veils,26
previous,37
bnp,21
innocent,64
brought,80
harassment,31
enemies,31
polluted,28
unit,66
losing,77
shaken,11
filipino,11
raised,69
facility,46
son,172
undermining,15
raises,71
support,362
authorized,17
launching,28
inside,184
devices,31
150,88
bedouin,15
implications,12
negotiations,50
glacier,15
models,26
miranda,23
glass,16
bribes,38
96,19
leave,221
settle,18
speculation,20
spiritual,15
sign,183
temperatures,35
junk,25
jury,17
understanding,13
passengers,90
funded,41
ineffective,11
hostages,50
fake,126
angry,96
prosecutor,52
unveiled,43
allowed,161
monitoring,45
vancouver,50
wikileaks,592
headscarf,11
ss,11
st,30
pollution,136
se,12
drunken,12
experiments,13
overhaul,16
torn,20
suspicion,33
7bn,11
tory,24
nation,246
amnesty,108
square,162
rioters,36
investigation,243
siege,39
opec,20
open,250
city,642
stuffed,14
slashed,14
iceberg,12
argument,12
buried,61
peacekeeping,13
golan,17
average,58
drive,84
laws,302
outrage,90
resource,13
priest,72
worries,20
uncover,18
representatives,14
oust,15
many,446
considers,64
tribal,24
polls,30
policies,84
monk,21
missiles,147
rest,81
starving,42
around,316
dark,69
intel,31
inter,11
biased,13
package,27
homeless,70
apologize,24
hes,12
weiwei,20
survives,25
october,44
citizenship,79
mask,20
tianjin,14
mass,361
debris,27
welfare,46
evicted,20
tv,240
detention,99
blockade,76
heist,17
large,182
harry,11
samoa,13
scientists,409
escaping,14
palin,14
breached,13
murdering,29
abdel,11
breaches,14
fatal,38
morgan,27
imminent,28
seoul,37
treatments,11
waves,32
ethics,19
ankara,27
refuse,83
register,25
fundamental,31
vigilantes,21
investigators,35
reduce,68
plotting,36
belief,18
risen,19
rises,50
owners,41
cyanide,14
anonymity,14
guess,23
jet,93
invalid,11
satirical,13
demonstrations,62
fishermen,43
defect,17
antarctica,27
internal,41
monastery,12
accepting,18
hamid,22
dragged,21
golf,21
writes,32
factor,14
banned,300
reporters,57
banner,11
enemy,45
cry,16
banking,94
guinea,64
available,49
targeted,67
death,957
allegiance,12
church,311
champion,13
representative,16
systematic,22
deport,17
straight,29
comprehensive,13
alert,87
euro,161
zelaya,15
alleging,13
concrete,27
kelly,14
named,82
amp,984
readers,17
admission,15
harvesting,17
australia,554
suffering,79
formal,21
yields,13
senate,71
spring,40
palm,26
transactions,15
dating,23
ugandan,36
relating,14
smugglers,17
clinton,73
poaching,49
crackdown,150
suit,27
elsewhere,26
poster,21
slump,12
slums,13
zika,49
cia,287
us,2997
un,997
uk,1395
thugs,23
pour,12
prosecution,49
leaflets,24
holes,11
norwegians,14
fresh,65
aussie,25
astronauts,13
1990s,13
young,339
wipe,25
magic,15
evo,14
experiencing,14
eve,20
try,107
race,72
pledge,53
licenses,11
morsi,44
expressed,23
polluting,16
chinas,89
poverty,100
licence,13
resulting,13
francis,123
throw,30
shipwreck,15
challenge,70
prompts,15
ideology,15
delay,22
wolf,14
solidarity,36
counter,68
move,226
chosen,11
2018,29
2014,111
2017,17
2016,57
2011,119
2010,124
2013,82
2012,123
docs,21
presidential,130
truth,89
tents,12
meth,23
evacuation,19
britons,40
regulators,24
put,214
hindus,17
muhammad,32
prank,12
system,315
evacuated,34
bombers,79
warfare,28
collecting,13
accusing,41
lines,45
defending,18
koreas,22
korean,407
fidel,25
face,452
painting,16
fact,73
bring,137
brink,56
decade,108
meant,30
means,110
impeachment,15
austrian,21
shiite,20
ends,91
hajj,14
invited,18
invites,19
hawking,23
spain,274
britains,24
site,212
vs,42
adultery,34
vw,15
sits,11
drink,44
350,27
drawing,19
flesh,15
rooms,15
government,2029
finnish,39
amendment,12
daylight,14
demonstrators,67
blowing,14
software,53
pussy,39
lung,13
pool,26
venezuelan,44
crop,34
distribution,22
irish,187
int,12
contribute,14
rubble,15
inc,19
sharia,55
trials,40
reckless,12
mastermind,13
ghost,30
controversial,163
bike,13
jacob,11
unrest,69
red,154
murders,49
blasphemy,72
horn,31
deliberate,11
glaciers,17
frank,11
officially,88
daughter,135
items,18
browsing,15
highly,71
total,113
negative,33
1930s,11
award,50
aware,22
transparency,27
interview,118
beach,46
fever,13
earlier,70
south,945
japan,785
iaea,28
bans,283
band,32
bank,725
slavery,58
rocks,54
logs,26
medicine,56
veto,19
tops,29
standard,42
campaigns,22
created,74
creates,35
farming,35
palestine,110
laden,141
luxury,41
curfew,16
iceland,190
involving,38
exercises,27
voting,55
religions,14
hrw,11
loved,16
covering,47
cattle,14
spains,13
unable,39
wi,25
exceeds,15
seizure,23
japans,45
condemned,53
sachs,41
applied,11
east,398
publicly,45
launches,130
aim,30
aid,358
property,82
inspired,19
launched,126
perform,21
posed,14
contact,50
belongs,13
board,84
expelled,39
viking,14
boxes,16
retreat,15
lashed,12
denies,112
conservationists,17
mulls,13
filming,31
denied,87
beating,66
pose,29
coral,37
months,361
accepts,35
bound,58
wal,21
way,320
war,1548
becoming,94
taken,215
true,62
complaint,26
promises,49
promised,42
rwandan,21
brothers,32
welcome,58
loyal,18
precedent,11
repression,21
certainly,12
killings,134
producing,27
protestors,57
division,16
charles,19
perceived,12
presented,22
unreported,11
cargo,38
appear,66
muslim,509
incoming,12
flames,21
usually,15
prove,52
ayatollah,32
commissioner,29
commissioned,11
organizations,47
migrants,141
car,232
cap,25
cat,29
heart,74
hears,14
1980s,16
heard,84
clothing,30
freezes,18
dominance,14
accelerated,11
worsens,11
wildfires,13
kirchner,11
jihadi,18
forms,21
january,54
domain,25
happen,47
looking,74
cars,134
card,46
care,94
british,838
xi,26
directly,40
message,98
drove,11
checked,14
crossings,13
tragic,11
desmond,15
television,76
investors,43
slam,11
price,178
forever,18
bishops,23
german,694
fifth,39
upgrade,13
cannon,16
truly,25
baghdad,94
cannot,139
manuscripts,20
celebrate,22
elected,69
asleep,11
albinos,12
israeli,1288
israels,42
lays,12
blame,65
armenian,52
comeback,11
evict,11
looms,16
proved,12
wealthiest,12
exist,45
commander,102
canceled,12
pleads,20
followers,21
closest,15
complained,19
constitutional,58
severe,67
noam,11
valuable,16
ambitious,14
spectacular,17
rules,290
ruled,119
collective,15
miracle,13
usage,15
viral,27
wheat,20
equivalent,30
volkswagen,23
sri,117
escalating,22
barrels,12
removing,29
low,145
lot,47
beliefs,13
arabs,62
hospitals,50
peak,24
fiscal,11
joins,50
skeleton,11
cameron,180
homes,196
transcanada,11
iran,1299
loose,18
venice,12
iraq,684
family,346
thatcher,21
aimed,69
toys,12
gunmen,100
khan,17
takes,176
contains,21
mysterious,57
excuse,17
factories,48
yemen,185
history,267
fundamentalist,11
arabic,30
greenpeace,47
lift,33
invasion,96
banks,267
dream,23
help,425
urine,13
soon,137
held,235
hell,65
mcdonalds,14
taxpayer,19
yr,86
imprisoned,46
intervene,23
stopped,76
surrounded,33
publish,40
issue,106
reason,72
algae,11
launch,172
syria,955
arsenal,27
scheme,60
selling,113
authors,15
ousted,27
evasion,25
officers,211
experienced,21
interpol,34
popularity,12
northern,245
policing,13
grew,15
falling,52
alexander,31
catches,16
withdrawal,29
poisoned,36
conditions,101
secrets,69
hackers,66
alone,58
vessel,53
dams,12
collected,26
socialist,21
lavish,12
hoax,19
ready,195
conflict,196
older,20
retirement,20
remaining,25
game,90
metres,22
delivered,33
describing,19
step,130
taboo,12
within,216
ahmadinejad,132
sinai,29
properly,18
uber,24
doubled,23
kidney,15
frances,21
regulations,14
militants,215
miners,58
picked,17
paintings,12
colonel,14
commercial,65
defector,18
chant,12
behead,13
win,129
remains,95
started,109
crosses,13
crossed,25
beijing,172
advocates,22
immune,17
hands,99
documented,13
crossing,43
nationals,24
700,62
unlawful,26
coptic,22
completely,59
farmland,13
hostile,18
applications,12
management,17
viktor,20
reunification,16
cartoonist,18
ivory,105
deploy,32
emptive,12
violation,52
encrypted,12
partners,22
based,156
bases,58
hiring,12
ecosystem,14
spotted,31
freeze,33
desperate,44
sabotage,23
admit,51
invisible,14
kings,11
slowly,17
kingpin,14
pic,31
schoolgirls,24
capture,48
shooting,138
generic,12
strange,20
underground,66
canadians,97
fierce,24
spree,14
well,245
drone,222
mistaken,17
mistakes,19
assyrian,11
refugees,216
page,59
peter,29
journal,24
freedom,226
glenn,36
peacekeepers,27
neutral,11
goals,17
eat,54
stories,49
eric,18
rumors,17
friends,55
pardon,13
asian,68
whose,79
bln,11
relatively,12
vast,61
look,115
10m,17
wreck,18
governing,12
100,431
105,12
dry,22
economics,24
ignoring,23
credit,86
plea,35
quits,41
gorillas,11
criminals,52
leaks,99
snowden,449
wars,51
warn,93
warm,17
adult,28
punk,14
aging,16
rise,229
minority,49
replacing,15
president,1400
karachi,13
attempt,154
overtakes,16
irans,46
weeks,163
belarus,27
meat,104
mounts,20
operatives,13
bone,13
bond,15
milan,13
stealing,57
navy,155
kiev,69
tales,12
crucial,21
struggle,50
features,12
brazils,12
ditch,22
hollywood,19
distance,16
street,164
sees,71
modern,102
mind,37
mine,83
seed,19
seen,223
seem,21
seek,100
estimated,84
proving,16
regular,26
dog,66
principle,11
consumer,20
hunger,78
jurisdiction,12
explain,41
sugar,23
stabbing,21
inventor,20
decriminalizing,15
coast,207
disney,11
decides,31
decided,70
00,15
dismembered,11
initiative,33
referendum,101
website,118
suppress,19
personally,19
sad,14
censored,21
say,843
melted,14
defeated,15
mouse,14
make,423
unmanned,17
kim,264
opportunity,28
kid,19
changes,57
materials,24
protocol,12
human,806
buyers,13
assassination,71
character,15
destroy,117
dignity,12
performing,16
unnecessary,13
failure,78
surrender,31
propaganda,103
musk,12
savage,16
fsb,13
teeth,12
managed,19
walking,21
manager,24
casualties,47
petersburg,12
suffered,37
smartphone,12
adds,27
slow,43
kilometers,18
stem,27
battling,16
shift,43
verge,37
hotels,16
wealth,94
plantations,11
archaeologists,56
demolish,20
hiroshima,19
lords,20
lobbying,25
council,179
map,76
may,874
fed,41
mad,11
destructive,12
man,952
neck,16
johnson,24
talk,59
shield,41
shake,19
accusations,40
artist,45
rock,59
hijack,20
kalashnikov,11
canada,690
emerges,28
3rd,23
greeks,47
dioxide,20
brooks,23
advance,34
thing,62
think,193
suspended,73
sounds,21
little,134
anyone,130
bloodshed,22
eyes,56
moscow,259
broadcast,27
11,329
10,567
13,177
12,267
15,298
14,207
16,203
19,94
gathering,27
comedian,11
warsaw,16
speakers,13
efficient,11
endangered,63
potential,96
collapsed,31
rating,40
shot,388
show,339
executed,95
corner,12
pedophiles,16
deportation,21
dick,13
collapses,35
employers,21
nearly,293
mogadishu,14
worrying,13
moammar,11
diamonds,22
affordable,11
legitimacy,13
slain,32
educated,19
ongoing,35
pressing,11
speech,177
oil,872
largely,27
roughly,26
solve,23
money,361
fueling,16
pile,17
pill,12
grip,18
grid,24
grim,19
nusra,11
twin,18
facing,128
either,44
served,23
confirm,52
strip,117
shells,42
strikes,267
sophisticated,20
syrias,19
turbines,19
strips,11
general,247
planets,26
syrian,614
fill,16
personnel,34
drivers,33
narcotics,13
prism,14
important,76
chris,20
washed,15
forbidden,24
dollar,108
sunk,17
alberta,42
mandela,18
returning,39
difference,15
dictatorship,31
public,562
900,42
bible,19
eye,56
wiped,35
two,1170
libel,16
abandon,31
advice,19
crowded,15
responsibility,49
playing,30
rifles,15
radar,21
industrial,59
filters,15
suffer,37
24,132
25,191
26,72
27,76
20,399
21,99
22,118
23,88
28,83
29,61
oxford,16
iranians,52
complain,15
association,43
2m,14
harm,50
fisk,14
energy,348
hard,113
annually,18
hebdo,47
stands,34
print,14
members,255
computers,47
plot,100
conducted,27
rainforest,44
copper,18
dont,92
done,77
revive,14
least,468
militant,73
regulation,25
park,132
part,335
doctors,178
2020,60
supposed,20
2022,41
declare,56
pornography,51
niqab,12
orders,188
majority,106
cameroon,23
trains,33
salmon,12
extremely,31
standoff,23
sector,38
sprayed,13
networks,42
ruin,16
unhappy,13
mein,17
theft,39
silk,18
remove,107
common,51
lion,40
electoral,24
fans,31
burned,80
reverse,22
ehud,11
canadas,30
simple,27
eviction,14
simply,47
dropping,30
gay,437
gas,345
gag,14
replaced,25
passwords,11
husbands,14
purpose,18
swiss,162
openly,29
airspace,39
deliberately,35
circumcision,34
foreigners,60
martial,16
cameraman,13
patient,38
ufo,17
300,219
goods,39
jimmy,27
nsa,377
lesson,13
nsw,12
ontario,43
immigration,76
boys,92
exploration,37
single,132
treaty,102
cristina,11
assassinate,14
prepared,64
prepares,55
depicting,14
rallies,29
helps,33
exit,46
stonehenge,11
labels,16
accuse,37
sewage,16
exercise,38
3d,26
exchange,99
objects,19
39,25
38,31
31,41
30,357
37,27
36,39
35,100
34,33
looted,15
privately,12
asteroid,22
upcoming,26
trail,17
train,129
iii,21
hints,18
obvious,13
lama,59
democracy,215
forest,102
poacher,12
agricultural,25
publication,24
extradition,74
february,35
smog,33
stun,13
strategic,28
bangladeshi,25
ancient,170
benghazi,18
completed,17
abolished,11
unlikely,33
apparently,78
parks,18
mix,11
stranded,30
request,85
denouncing,13
normally,14
mi6,38
technologies,14
staff,144
grabbed,11
controls,40
unsustainable,12
whistleblower,93
kazakhstan,24
shelling,30
gunman,56
greece,329
pattern,13
ebola,222
deliver,34
taking,211
unearthed,46
blasted,13
elects,18
gaza,893
proposal,84
overwhelmingly,25
finished,25
volunteer,18
divisions,11
multi,28
stalin,22
dissent,28
slammed,12
reporting,93
yanukovych,19
soviet,116
tapping,11
ads,27
match,34
ozone,11
italian,180
authority,86
proper,17
congress,97
masked,25
proud,15
although,18
actual,19
shaking,12
serbia,26
repeated,15
topless,17
campus,12
48,49
49,29
46,26
47,39
44,35
45,73
43,61
40,265
41,34
christians,153
accidents,13
limited,22
poorly,12
violate,30
crises,11
legislators,11
jack,26
monkeys,14
poison,21
aftermath,18
forum,20
punishment,58
swearing,19
julia,18
hospital,180
assessment,17
install,18
unilateral,16
ultimate,15
london,421
tourist,74
tourism,41
islanders,13
kuwait,43
ritual,14
appeals,34
hearing,32
restrict,19
toy,11
tor,20
top,539
ton,12
tom,13
especially,22
murder,286
wilders,13
roles,12
botswana,19
1967,23
snow,20
neither,25
emerged,51
though,58
plenty,17
tibetan,49
tanzania,26
devastating,53
sanctuary,18
offence,11
manipulation,30
radio,81
delays,11
announce,43
criticizes,22
watch,141
criticized,35
amazon,141
report,869
erupt,26
automatic,18
corrupt,73
approach,38
weak,18
games,84
trust,47
hitler,78
submarine,50
expected,148
drugs,316
dept,11
stopping,18
procedure,14
pyramid,20
expenses,18
experts,162
suggest,45
harming,12
satellite,115
suburb,15
savings,20
mother,142
relatives,35
5m,18
teenager,64
addicts,27
cultural,37
59,15
58,15
55,34
54,20
57,33
56,25
51,24
50,356
53,27
offices,50
officer,181
successfully,58
malaysia,73
zionist,23
everything,74
zionism,15
disappeared,59
permitted,20
chapter,12
plus,16
trafficked,13
existed,14
transform,15
virgin,27
fought,45
crews,15
attempted,58
ruined,16
peruvian,21
hama,12
complicit,15
cleric,66
brief,11
focus,32
leads,60
environment,95
charge,128
promoting,27
federation,12
cool,18
hawaii,15
cyber,71
invaded,12
bacteria,13
healthy,25
guilty,190
christchurch,12
iphone,15
flying,58
achieve,29
kyi,32
unarmed,34
parliamentary,46
cardinal,24
crashed,26
continue,134
happened,58
execute,29
name,145
constitution,62
cancels,42
lawmaker,33
grab,27
unpaid,28
place,179
swine,49
revenue,13
engineer,32
given,177
district,32
returns,53
legally,33
releases,93
cope,13
humans,85
alan,20
copy,28
population,256
outcome,13
oath,19
sells,31
marathon,24
ideas,16
malta,11
urge,57
cleared,23
probes,14
adopt,23
hungry,31
convoy,34
hedge,15
reveal,182
discussing,11
imposing,26
connections,14
college,44
farmers,133
federal,119
outside,178
priests,67
duty,30
pot,58
colony,21
pop,17
61,20
63,16
65,45
66,29
67,17
69,17
saudis,46
500,229
engine,35
6m,11
minister,1045
washington,129
advocating,11
mount,48
hunts,15
couples,53
trip,54
refusal,29
persons,19
cartoon,23
vowed,27
reward,20
actress,12
rose,17
seems,72
kills,307
inflation,25
accepted,23
furniture,11
reduces,14
reduced,22
loyalty,15
3bn,13
quit,61
stand,104
accounts,93
promote,36
bishop,48
recognise,19
barcelona,21
fallout,15
chinese,956
ali,56
spacecraft,29
thursday,228
activities,56
programme,58
crush,18
behaviour,17
warship,43
widens,21
minor,20
knows,25
basically,11
known,182
bashir,12
allege,12
court,1016
goal,42
explains,27
stasi,13
outraged,30
style,93
pray,12
jailing,14
resort,40
stephen,62
jihadists,54
brother,85
expect,34
organised,26
clandestine,13
shipment,25
stampede,17
feed,39
feel,75
feet,42
colombia,75
says,2536
hangs,17
recovered,23
rift,16
hotel,95
sarkozy,92
risks,64
suspicious,25
chechnya,23
finding,56
donor,20
eruption,13
77,32
cigarette,26
75,72
74,31
73,20
72,30
71,17
70,149
nothing,110
79,11
shepherd,24
lawyers,73
fastest,33
achieved,15
declines,22
defends,49
numerous,14
latin,74
creating,70
roman,72
decline,56
incomes,13
political,372
plants,93
georgia,136
megaupload,25
dublin,21
peoples,32
flown,18
stating,20
immediately,56
workers,464
contractor,21
customers,56
moody,15
commanders,23
innovation,11
militia,32
womens,20
madagascar,15
files,105
plunge,22
fisheries,16
filed,38
raising,50
mock,15
problems,85
helping,87
generated,13
vice,65
resistance,54
dramatically,15
seized,125
seizes,56
smaller,16
traveling,17
plead,15
capital,261
cesium,12
consumption,51
failed,168
olmert,13
possession,48
rarest,12
anywhere,27
dropped,74
patrol,28
enrique,12
nightclub,11
counterfeit,11
sir,31
sit,27
traders,16
brian,15
instead,134
sin,20
abuse,348
light,110
130,25
quake,97
material,64
flew,19
flee,89
fled,48
worlds,194
latvia,17
rockets,68
bills,33
related,74
88,21
89,17
83,23
81,16
86,12
87,11
84,12
frontier,11
exporting,12
supports,31
8m,11
philip,21
choose,32
creator,18
shell,97
july,56
isolation,12
limiting,12
catholic,214
russians,107
clash,81
cracking,12
alarmed,12
class,106
neighboring,16
courts,54
chances,11
mumbai,90
watching,52
mainly,28
televised,12
frustrated,16
rescuers,12
agencies,82
wall,119
hindu,42
present,39
unlike,14
unite,21
unity,21
units,37
gets,264
breasts,15
sopa,19
student,195
whale,42
lobby,35
obtain,24
toilets,11
smith,12
attractive,11
sparking,21
unprecedented,89
export,39
ablaze,16
universe,24
monthly,13
van,31
artifacts,24
phosphorus,25
made,409
tactics,24
whether,125
ruling,176
diplomat,82
100m,14
margaret,12
ranks,16
jihad,40
granting,14
lord,56
handling,21
scholar,18
hague,17
tired,18
hero,49
reporter,81
reported,246
reports,292
psychological,19
occupying,12
passport,41
holy,61
brings,34
georgian,37
99,45
98,25
91,19
90,142
93,24
95,24
94,17
97,23
h1n1,14
provincial,15
hot,39
outlawed,20
youths,30
revolt,52
headquarters,54
democratic,71
senators,12
telecom,15
barclays,23
soaring,26
cathedral,14
literature,14
zetas,22
shelves,12
kashmir,21
stock,64
bitter,15
ranging,14
nations,324
boston,27
object,18
shale,17
signatures,13
qaeda,167
busy,15
bust,26
bush,147
baghdadi,14
textbooks,20
release,169
bashar,57
unexpectedly,11
result,114
campaigners,47
ambitions,14
wikipedia,52
wtf,48
wto,11
accident,63
triggers,17
demanded,39
asked,91
2nd,33
eastern,169
castro,52
flooding,33
played,23
player,15
campaigning,11
things,65
rebellion,18
hectares,18
ownership,17
tuna,33
distribute,12
enters,27
ease,20
easy,17
prison,452
poses,27
vigilante,14
groundwater,12
malnutrition,12
battlefield,14
right,541
old,902
summoned,11
manufacturing,20
palestinians,358
statements,12
offer,77
survive,35
prosecutions,11
elon,11
floor,24
flood,44
oscar,24
muslims,284
rolling,16
time,751
push,100
launchers,15
findings,29
g20,96
funeral,33
along,120
prefer,14
toppled,13
films,30
syrians,45
printing,16
offense,12
divided,13
stress,11
truck,38
truce,37
course,54
caucasus,13
liquid,14
suspends,54
turtle,17
sexually,67
protections,11
prostitutes,44
massive,244
routes,18
52,35
reopen,15
specifically,13
spanish,177
draft,69
separatists,37
ridiculous,15
sao,15
san,37
foiled,16
sas,12
saw,67
aside,18
note,23
wanting,18
handing,20
knew,63
detect,21
remarks,28
pages,27
sale,91
romanian,28
interrogations,13
tears,22
going,252
dispute,64
condemning,27
prime,534
brave,24
jumped,13
bureau,21
jobs,102
dome,14
spare,11
spark,18
residency,16
extinct,39
boat,85
stretch,12
mounting,29
airlines,58
taser,19
threatens,234
surveillance,291
renewable,94
gdp,35
summer,57
tasmanian,12
rousseff,23
tsunami,127
offenders,29
brits,14
wrongly,14
scandals,24
scientific,59
power,586
hollande,39
stone,46
mean,35
burning,106
meals,13
complete,59
fighter,116
mice,11
aide,31
unveils,43
age,165
regimes,22
certain,39
wartime,20
aids,81
badly,13
nelson,14
consider,64
hunting,72
laying,12
markets,60
richard,53
method,13
revealing,41
bloggers,34
brutal,78
defectors,28
social,188
via,55
vid,33
kick,26
teen,67
emission,11
objections,11
mall,20
mali,86
male,75
dress,26
condemn,39
plant,267
plans,421
plane,260
jihadist,24
broadcasting,24
ite,11
trade,304
attitude,12
embassy,208
rapidly,25
ally,57
buys,29
events,54
england,155
really,112
driver,54
driven,29
major,329
targets,110
sport,11
walk,41
brace,12
moroccan,16
defended,18
giants,32
river,77
approaching,11
currently,68
rejecting,16
europe,645
brewing,13
prospects,11
influential,19
barely,13
pdf,16
approve,24
loan,36
northeastern,14
scottish,70
devil,17
publishing,31
convicted,165
silenced,16
biodiversity,12
kingdom,74
pound,29
hoping,19
backing,45
triple,23
chase,18
virtually,19
viewing,11
picks,11
leone,31
arrests,148
signals,26
crying,14
surprised,17
quest,18
projects,39
imposed,40
consensus,16
communications,46
imposes,18
disorder,12
broadband,17
religion,93
slovenia,11
temple,54
nowhere,11
certificate,12
netflix,12
garbage,24
servers,28
osama,78
appropriate,12
spending,88
submit,12
morocco,38
alarm,32
aerial,13
ago,251
carrying,130
partial,15
sharply,23
existing,15
mosul,51
centers,28
concerned,54
torture,266
continues,94
manipulated,11
abduction,11
continued,34
marry,50
tunisian,33
recruitment,11
indias,32
indian,393
gathered,45
delivering,11
great,231
receive,69
involved,110
scientology,61
defeat,39
opinion,48
tools,20
illegal,357
purposes,17
opposing,31
charity,51
animals,117
pieces,27
destroying,59
establishment,25
halted,28
pigs,31
ties,111
pyramids,17
volunteers,17
producer,24
produces,16
produced,38
motorcycle,13
communication,22
traced,14
expels,37
beneath,22
society,110
house,270
shut,147
scary,11
hussein,35
scare,22
detailing,13
testing,46
beatings,19
elite,71
greeces,11
partnership,47
subject,31
visa,62
device,24
stronger,23
wounded,111
atmosphere,16
familiar,11
denmark,110
extremists,85
overfishing,16
wire,14
explosive,29
etc,12
incest,11
silvio,44
powered,31
fury,30
waste,88
suggested,30
homosexual,43
erdogan,129
elites,21
chernobyl,32
inquest,18
terrorist,255
spends,20
serving,34
digging,11
terrorism,204
upon,31
ikea,29
afghan,402
expand,25
extradited,18
geert,11
less,203
predicts,14
paul,27
arrest,261
increased,66
increases,24
five,397
belgium,72
literally,16
detainees,45
salaries,27
keystone,16
schedule,12
murdochs,19
includes,54
loans,29
cops,73
hiding,53
payout,11
asks,125
stuxnet,12
traces,17
executives,38
roads,32
mere,11
spots,13
basin,11
corpses,21
odds,16
planting,27
forests,37
monday,258
dismantle,11
chance,48
rule,116
gadhafi,44
saves,23
commandos,22
saved,51
relationships,12
votes,112
edward,182
walks,21
voted,90
tickets,11
poppy,12
undercover,49
phones,52
moratorium,13
toll,115
told,309
envoy,66
angrily,14
recep,24
word,52
work,343
refusing,79
criticizing,26
india,921
uae,38
cites,18
disappear,21
lab,12
lay,18
law,871
order,208
triggering,15
office,166
sludge,14
blown,32
eventually,28
break,132
bread,14
oxygen,14
entitled,14
carlos,13
network,146
cameras,55
diesel,16
admits,182
training,67
oppose,37
tel,28
rejects,122
anarchists,13
rejected,75
toronto,90
mercy,16
target,108
hike,17
forensic,11
iron,41
hacking,167
powers,113
rewrite,14
lula,16
forces,639
extending,12
phase,37
detains,15
sharks,29
steal,28
caves,15
veil,47
received,92
ill,73
receives,33
islamists,90
wider,18
speak,61
engines,13
concerning,13
mistake,49
exile,22
deepens,26
avoids,14
convictions,12
independent,115
demolishes,12
trucks,38
centres,12
quoted,21
victim,149
photographer,30
countrys,99
photographed,11
fusion,16
injuring,17
theyre,24
marketing,13
properties,13
newspapers,44
banker,32
horizon,17
undergo,13
prisoners,131
legislation,113
clinical,11
researchers,136
lowest,38
peninsula,27
dead,729
unusually,12
corbyn,15
archive,13
dying,68
stake,21
reality,48
falsely,15
holding,81
kenyan,25
raided,33
scores,46
uprisings,12
fabricated,12
burqa,26
superpower,22
released,224
terror,322
screen,21
brown,54
trouble,35
upper,27
policemen,26
legalized,19
discover,35
legalizes,13
snipers,19
assistance,16
genes,12
montreal,42
marked,21
market,187
angela,65
club,31
posing,24
write,31
holland,11
southern,156
heroes,12
lifting,11
aiding,13
discuss,44
james,65
stockholm,27
cairo,106
bradley,26
suleiman,11
marine,66
honest,15
tusks,20
inmates,46
thai,82
remained,12
premier,40
recover,16
4th,16
retaliate,14
tooth,11
slaves,59
professional,15
title,14
skyscraper,15
notice,30
online,268
bahraini,16
nearby,32
learning,32
sudanese,33
worry,23
angered,26
investigated,33
centuries,36
investigates,14
charges,276
charged,202
leftist,11
thinking,23
early,104
benefit,28
liability,16
business,174
comparison,13
involvement,55
watchdog,56
area,144
cats,28
eurozone,47
navalny,14
authoritarian,23
building,236
repay,11
profits,44
upholds,13
paradise,14
rogue,31
fence,20
shipments,18
consumers,34
hijacked,25
turmoil,18
lockerbie,23
amount,58
trained,36
strauss,12
thrown,54
coalition,90
daiichi,19
stayed,11
tried,159
rudd,16
lankan,43
egg,11
defying,19
committee,80
committed,68
actually,93
disclosed,14
motivated,19
quantum,11
beyond,66
event,71
leader,596
earliest,15
revolutionary,31
terrible,29
businessmen,11
unexpected,17
miss,29
nigeria,167
translation,29
sentenced,254
alongside,30
ratings,20
scotland,137
liu,18
useless,17
approves,90
sponsored,18
approved,106
mobile,84
clear,99
stunned,18
flights,72
intensify,11
throwing,34
probably,48
mega,25
sensitive,21
headed,40
whatever,23
territory,110
imam,27
dialogue,17
ruble,27
deter,11
fleet,49
flees,29
complicity,15
chancellor,68
bonus,28
cleaning,18
yuan,21
database,45
haul,19
coup,96
teenage,58
elect,15
taiwan,79
wounding,15
cemetery,15
chairman,30
defies,21
albino,13
defied,17
kyrgyzstan,26
toyota,13
translated,12
parade,35
fathers,16
urgent,32
erupts,49
goldman,50
transplant,23
eating,57
idf,102
block,171
disclosure,17
visit,148
pentagon,89
statistics,27
registered,24
reef,93
branch,16
dissolves,11
skull,17
metals,18
electrical,12
draw,27
reportedly,138
resign,77
structure,18
youtube,85
yazidis,13
farms,46
mosque,124
attackers,34
facebook,245
gender,51
verdict,37
carter,25
cartel,79
plays,17
pristine,12
withdrawing,16
addresses,24
danger,58
allies,81
singing,14
vehicle,40
malawi,21
becomes,117
sanctions,227
ride,17
control,307
africans,24
guatemalan,16
sperm,19
cruise,48
helicopters,37
front,117
magnitude,90
globe,44
thriving,16
attending,19
princess,23
florida,11
berlusconi,115
mankind,13
blogger,65
bars,37
quality,40
privacy,121
bears,27
relations,71
final,98
punish,36
exactly,20
bare,15
need,198
able,99
arm,47
connected,31
uncontacted,12
upset,17
emerging,37
winner,42
employer,18
employee,38
employed,13
boris,23
joint,74
legitimate,28
contain,37
computer,96
state,1226
efficiency,14
group,581
career,14
trove,18
rebekah,23
poem,14
poet,17
harder,15
began,74
tripoli,48
tapped,13
effect,73
restore,29
xiaobo,12
sources,91
brothels,13
burden,16
martin,25
oppression,13
artists,23
strategy,55
utility,11
networking,11
museum,53
dolphins,38
cricket,12
hazardous,15
evacuate,25
cells,51
hosting,25
signed,67
piece,39
penny,17
contest,22
offensive,105
ways,31
frankfurt,12
todays,11
captain,40
condemns,92
updated,16
dutch,246
stolen,113
skills,12
commons,18
force,350
warns,355
japanese,319
nthe,12
prisons,34
panama,82
asia,127
lights,16
ever,298
deemed,31
statehood,30
active,32
tapes,11
permit,19
campaign,237
moral,43
army,582
arms,245
call,321
calm,19
rio,55
vodka,11
answer,43
lithuanian,11
curiosity,15
lesbian,27
purchase,26
capitalism,31
maintain,26
fifa,87
better,117
damascus,73
donors,17
went,97
principles,18
restricted,16
particles,15
exxonmobil,12
turning,70
starts,61
grade,17
disappearing,15
hitchens,17
recruiting,19
1m,28
chess,14
retire,11
ending,45
attempts,75
wearing,103
exports,60
bar,38
17,133
bay,175
illegitimate,12
bag,25
bad,134
18,187
brazil,346
said,1161
sail,19
olympics,128
tolerance,21
reddit,81
targeting,65
three,618
160,22
mohammad,18
economies,26
balance,28
employees,78
grown,19
potentially,47
grows,56
bloomberg,21
claims,431
left,283
sentence,120
unfair,19
anders,29
nicolas,45
candidate,53
breivik,45
notorious,34
outspoken,15
blackmail,11
super,69
commit,42
lied,31
doctrine,11
insult,15
bolivia,62
offering,32
220,14
builds,27
streaming,11
staged,22
stages,11
covers,12
floating,22
handed,55
jones,13
daily,95
shop,29
mile,30
bomber,98
milk,53
suicide,337
praises,14
finally,112
praised,12
inciting,25
governments,150
die,207
dig,14
worm,15
afghanistan,565
favour,39
jumps,23
guardian,130
french,645
corporation,37
wait,34
canadian,479
institute,33
everybody,16
insurgency,21
france,649
peru,80
sharing,55
acceptable,11
downtown,18
downing,25
fly,74
tokyo,89
avoiding,13
flu,95
soup,14
claim,211
uruguay,44
predict,19
agent,58
acapulco,11
oslo,42
nyt,13
staying,12
critics,70
6th,11
africas,13
switch,18
african,285
hassan,11
seizing,13
argues,14
argued,12
thank,13
maid,19
mail,50
main,106
janeiro,18
girl,353
living,186
spies,70
california,26
spied,42
gchq,58
americans,150
amidst,12
mining,93
blacklist,22
hillary,37
relative,12
mutilation,45
protected,58
declares,148
occupied,69
channel,77
normal,22
track,57
surprising,12
repeatedly,40
impunity,11
deployed,45
ranking,25
hostage,71
merkel,144
ramadan,21
killers,28
stupid,30
cologne,14
misconduct,11
parent,11
trader,18
traded,14
grants,35
unusual,27
encryption,29
mark,57
mars,98
shopping,28
measles,13
turtles,20
warning,207
key,150
cluster,31
everyday,13
movements,21
harsh,36
doctor,94
pay,408
stepped,18
pak,13
running,148
bottle,12
gates,60
mcdonald,37
extensive,16
mom,17
secrecy,29
mob,62
jews,200
critical,53
expressing,16
aboriginal,22
moderate,24
airways,12
kyoto,12
manufacturer,26
conducting,21
violence,338
road,89
quietly,39
spreading,54
lions,29
emissions,119
fellow,27
cables,93
oxfam,17
dilma,18
casts,12
forget,44
forged,14
children,761
issued,101
biological,19
crashes,65
quebec,58
abc,24
abe,14
abu,42
movement,99
disastrous,12
publishes,37
published,108
extends,21
shanghai,21
buses,22
decriminalize,18
destination,16
diamond,38
particular,17
pr,26
shark,61
sharp,19
engineered,11
response,135
infant,18
azerbaijan,25
detected,48
hurting,14
good,195
pregnant,73
ports,12
mental,47
monks,17
foxconn,19
acting,30
bully,11
commits,33
prophet,56
finland,71
mistakenly,16
divorce,17
5th,15
statement,72
rates,80
youth,91
treated,53
philippine,43
meltdown,39
aged,56
mountain,41
dancing,20
particularly,21
obligations,13
find,236
giant,168
resolve,13
bet,21
hole,40
visiting,32
please,45
hold,142
donate,22
environmentalists,22
aircraft,125
annual,63
raise,102
meeting,132
holocaust,94
italy,228
attack,936
forced,329
keys,11
yesterday,69
steps,71
flags,19
organization,103
fundamentalists,16
icelandic,57
deputy,64
confession,11
big,259
bid,159
bit,39
follows,22
google,322
often,67
extremism,37
extremist,55
strongest,21
server,12
scale,97
eliminate,32
continuing,24
usd,22
chomsky,15
drama,11
invading,16
bankruptcy,23
broadcasts,12
khamenei,29
hopes,57
directed,12
pesticides,35
heir,12
infection,16
cooperate,18
desert,40
vehicles,74
2002,21
2003,33
2000,41
2001,29
2006,56
2007,54
2004,23
2005,24
2008,86
2009,101
blaze,13
shock,59
depression,22
body,222
sink,16
others,178
extreme,54
alaska,12
presidents,24
scandal,225
nobel,147
spying,192
harrowing,12
tunnel,52
judge,180
bones,29
native,36
rape,337
waters,116
collection,28
chief,407
revoke,11
labor,90
dad,21
dam,46
dan,11
mention,20
cutting,47
insisting,12
day,529
warned,184
identified,65
identifies,16
masks,16
gear,29
compensation,62
terrifying,15
demonstration,40
unless,67
qatari,14
gather,30
capita,19
text,69
photographs,30
beat,76
bear,49
calling,179
looks,67
exists,15
turks,26
extradite,19
clearing,21
routine,14
progress,30
otherwise,26
mafia,64
copies,15
deep,96
plain,22
appearance,24
file,67
helped,118
claimed,91
inspector,16
administration,86
swift,18
film,127
injured,164
tighten,12
practice,68
scholars,18
raping,41
thought,159
sets,62
position,48
arming,15
executive,71
domestic,65
clinic,29
tough,45
kampf,16
lake,40
somali,102
journalism,25
journalist,212
soft,12
alive,115
kandahar,13
corpse,13
host,70
guantnamo,26
chronic,12
guard,79
brides,15
awarded,43
brand,30
plague,26
dangerous,125
plutonium,16
supreme,166
deaths,204
pig,24
pit,13
claiming,66
ecological,14
sleep,26
feeding,17
paris,227
merchant,11
risk,158
litvinenko,12
venue,13
methane,19
razed,11
surrounding,23
christ,12
seeks,114
kicked,27
changed,52
analysts,17
york,89
actions,70
heathrow,12
slaughtered,33
phone,234
must,369
guarantee,11
widespread,54
acknowledged,17
interior,54
acknowledges,14
expects,12
executes,54
mongolia,20
writing,26
destroyed,125
plates,14
netherlands,95
bosnia,21
explode,16
celebrating,11
hanged,27
driving,84
free,458
rain,38
wanted,126
inspectors,24
mercury,15
abandoning,14
classes,21
raf,12
ran,33
raw,27
rat,17
isolated,24
defence,112
genital,48
metal,44
pope,343
queen,55
earth,213
oct,11
mahmoud,50
malaria,27
faced,36
unicef,15
players,33
faces,211
jobless,21
containers,11
catch,33
paralysed,12
charlie,58
detained,128
detainee,16
laptop,15
monitored,20
fallujah,12
advanced,32
serbian,12
donald,28
cnn,135
plunging,14
efforts,100
presence,54
hosni,34
coastal,23
rounds,12
removes,29
uncle,15
solar,216
removed,79
estonia,24
everest,26
check,42
tip,17
tim,21
vanished,13
younger,16
longer,198
serious,125
neighbors,23
remarkable,21
hour,111
policeman,47
brothel,15
quick,16
movie,42
drinks,21
water,534
unanimously,19
crippled,22
supplying,20
ethiopian,21
australias,15
memory,19
australian,557
tribunal,26
modified,29
ferry,15
trump,44
stream,11
birthday,26
exclusive,44
comfort,11
organisation,46
devastated,14
persian,24
hacker,47
factory,108
hacked,98
militias,23
motion,23
cubans,14
suspend,35
surviving,26
conservatives,34
george,72
earths,15
trillion,85
plastic,73
lobbyists,12
white,213
season,19
bilderberg,21
wide,54
poisoning,54
marines,37
legalizing,34
confessed,16
mourners,11
multiple,52
ukrainian,181
koran,30
trafficking,99
senior,190
hack,44
mission,123
naked,56
ignored,47
encourages,12
ignores,12
parking,18
review,58
emotional,13
coma,15
cities,151
come,183
reaction,24
missions,22
pakistan,722
bizarre,13
peaceful,70
tepco,55
shops,40
telephone,14
dissident,29
ethiopia,33
reminder,12
physical,25
drives,29
submarines,21
remain,83
captures,24
unconstitutional,30
violent,139
kill,431
captured,127
blog,26
shrine,12
bloc,21
samples,20
particle,12
madrid,36
table,22
intact,13
caribbean,25
stops,50
severed,11
cambridge,13
determine,15
christianity,13
valley,21
fish,97
catholics,22
cabinet,87
toilet,26
britain,481
rubber,20
trash,27
championship,13
separate,24
symbol,15
stocks,42
calls,582
lack,72
executing,16
catastrophe,25
song,38
far,270
fat,40
sons,33
sony,31
lesbians,15
nbc,12
imported,15
anniversary,59
attitudes,17
allows,79
suddenly,31
conspiring,11
branded,24
operators,14
protestor,11
stick,15
intercepted,20
challenging,15
prompting,24
disabled,29
mounted,15
return,206
impacts,12
milestone,17
generation,74
forgive,11
threat,288
radical,82
passes,134
doomsday,16
passed,109
finances,12
option,27
exploded,33
treasures,12
convinced,22
explodes,33
double,70
imports,46
biggest,323
assange,297
reach,94
react,13
windows,17
mexico,569
kosovo,30
believe,150
viagra,12
hit,371
hiv,118
whistle,24
hid,26
longest,30
cartoons,28
art,45
dump,38
collateral,14
intelligence,327
recording,35
unions,42
various,14
opposition,280
became,45
finds,278
reduction,15
complicated,12
mugabe,60
bailouts,12
behavior,26
engineers,17
rip,20
rig,20
rid,24
widely,38
negotiate,18
moving,67
analysis,38
edge,26
starved,14
violations,46
unlimited,14
ignore,28
anna,13
cannons,16
intense,15
hatred,27
called,329
soars,16
teams,27
contributions,12
sniper,31
tutu,18
notes,18
deals,28
dealt,12
noted,11
universities,32
waiting,35
relocate,13
imams,14
ammunition,32
scrapped,18
ukraine,674
metro,11
metre,18
apple,73
apply,31
december,36
brazilians,16
rabbis,15
women,863
proof,52
tap,13
tar,33
tax,391
serial,18
panic,36
ethnic,83
wwii,45
covered,43
violating,30
crash,155
trap,16
180,21
category,12
sacrifice,14
bhopal,15
maize,11
conflicts,18
conversation,11
endemic,11
intention,15
doomed,21
institution,19
richer,17
afraid,30
agency,266
divers,12
centre,103
deny,43
chicken,18
debate,146
cache,11
candidates,29
thousands,559
sued,58
ones,54
sues,47
words,71
suez,12
homosexuals,38
generations,19
view,77
closer,62
closes,38
mexicans,30
bombed,35
closed,79
tied,38
declining,19
grain,18
withdraws,21
withdrawn,17
bbc,511
window,22
agreements,16
cruel,15
wild,87
english,145
rocket,140
rocked,13
sky,44
adoption,26
ski,11
earthquakes,17
sick,43
protesters,551
know,229
taxpayers,42
searching,18
110,18
112,12
empire,33
lead,137
leak,121
murdoch,174
murderer,26
overall,11
murdered,116
getting,151
shipping,20
surge,41
warrants,14
fired,155
funds,74
percent,259
book,88
boom,38
illegally,66
june,67
gap,40
1000,24
expands,14
